SNP,Mean_SHAP,Chromosome,Position
SSL2.50CH11_2693462,0.9732533,11,2693462
SSL2.50CH11_1292776,0.76574093,11,1292776
SSL2.50CH02_52999708,0.7353657,02,52999708
SSL2.50CH11_4951725,0.6131087,11,4951725
SSL2.50CH07_60390048,0.5177743,07,60390048
SSL2.50CH07_61642813,0.49643326,07,61642813
SSL2.50CH10_63927975,0.46371007,10,63927975
SSL2.50CH06_41586962,0.46288696,06,41586962
SSL2.50CH06_45811468,0.40592936,06,45811468
SSL2.50CH11_50508979,0.37132478,11,50508979
SSL2.50CH01_75142348,0.36199245,01,75142348
SSL2.50CH11_1374557,0.325283,11,1374557
SSL2.50CH04_54213478,0.28604066,04,54213478
SSL2.50CH09_70739006,0.2528103,09,70739006
SSL2.50CH11_3870611,0.24702175,11,3870611
SSL2.50CH01_80262290,0.24574862,01,80262290
SSL2.50CH03_68029977,0.24513099,03,68029977
SSL2.50CH12_38603501,0.24308966,12,38603501
SSL2.50CH08_61304298,0.2409728,08,61304298
SSL2.50CH03_64796589,0.23892727,03,64796589
