PC,Variance
PC1,0.0483796161647647
PC2,0.04564812879446392
PC3,0.0441200158566867
PC4,0.03975156667715675
PC5,0.03616917690532522
PC6,0.03487321086773145
PC7,0.033616918887917215
PC8,0.03228813930627456
PC9,0.027433769162033265
PC10,0.02501820118581327
