SNP,Mean_SHAP
SSL2.50CH11_2693462,0.9732533
SSL2.50CH11_1292776,0.76574093
SSL2.50CH02_52999708,0.7353657
SSL2.50CH11_4951725,0.6131087
SSL2.50CH07_60390048,0.5177743
SSL2.50CH07_61642813,0.49643326
SSL2.50CH10_63927975,0.46371007
SSL2.50CH06_41586962,0.46288696
SSL2.50CH06_45811468,0.40592936
SSL2.50CH11_50508979,0.37132478
SSL2.50CH01_75142348,0.36199245
SSL2.50CH11_1374557,0.325283
SSL2.50CH04_54213478,0.28604066
SSL2.50CH09_70739006,0.2528103
SSL2.50CH11_3870611,0.24702175
SSL2.50CH01_80262290,0.24574862
SSL2.50CH03_68029977,0.24513099
SSL2.50CH12_38603501,0.24308966
SSL2.50CH08_61304298,0.2409728
SSL2.50CH03_64796589,0.23892727
